paper_id,class_label,degree
35,Genetic_Algorithms,166
40,Genetic_Algorithms,3
114,Reinforcement_Learning,42
117,Reinforcement_Learning,17
128,Reinforcement_Learning,4
130,Reinforcement_Learning,3
164,Theory,0
288,Reinforcement_Learning,2
424,Rule_Learning,3
434,Reinforcement_Learning,1
463,Case_Based,1
504,Probabilistic_Methods,4
506,Probabilistic_Methods,3
887,Genetic_Algorithms,27
906,Neural_Networks,7
910,Neural_Networks,41
936,Case_Based,8
940,Case_Based,3
941,Case_Based,5
943,Case_Based,3
1026,Genetic_Algorithms,5
1033,Genetic_Algorithms,2
1034,Genetic_Algorithms,1
1035,Reinforcement_Learning,3
1213,Rule_Learning,3
1237,Neural_Networks,4
1246,Reinforcement_Learning,5
1272,Theory,32
1365,Neural_Networks,74
1385,Neural_Networks,0
1481,Case_Based,16
1688,Genetic_Algorithms,15
1694,Genetic_Algorithms,1
1717,Probabilistic_Methods,5
1786,Rule_Learning,1
1817,Genetic_Algorithms,1
1919,Probabilistic_Methods,2
1949,Case_Based,2
1951,Case_Based,1
1952,Case_Based,4
1953,Case_Based,4
1955,Case_Based,4
1956,Case_Based,8
1959,Case_Based,10
1997,Probabilistic_Methods,9
1999,Theory,5
2354,Theory,7
2440,Rule_Learning,30
2653,Theory,18
2654,Theory,13
2658,Neural_Networks,17
2663,Neural_Networks,1
2665,Neural_Networks,28
2695,Neural_Networks,4
2696,Neural_Networks,17
2698,Neural_Networks,5
2702,Neural_Networks,4
3084,Case_Based,3
3085,Case_Based,6
3095,Case_Based,4
3097,Case_Based,5
3101,Case_Based,4
3112,Case_Based,8
3187,Probabilistic_Methods,5
3191,Probabilistic_Methods,15
3192,Probabilistic_Methods,8
3217,Theory,5
3218,Rule_Learning,15
3220,Neural_Networks,17
3222,Case_Based,6
3223,Theory,5
3229,Neural_Networks,61
3231,Theory,32
3232,Theory,7
3233,Probabilistic_Methods,9
3235,Probabilistic_Methods,2
3236,Theory,5
3237,Probabilistic_Methods,1
3240,Theory,6
3243,Theory,12
3828,Case_Based,4
3932,Case_Based,1
4274,Case_Based,3
4329,Probabilistic_Methods,7
4330,Probabilistic_Methods,38
4335,Probabilistic_Methods,16
4553,Rule_Learning,1
4584,Reinforcement_Learning,32
4637,Theory,1
4649,Rule_Learning,9
4660,Theory,4
4804,Theory,14
4878,Case_Based,1
4983,Genetic_Algorithms,1
5038,Theory,0
5055,Theory,6
5062,Case_Based,5
5064,Case_Based,7
5069,Case_Based,3
5075,Case_Based,3
5086,Probabilistic_Methods,11
5194,Neural_Networks,5
5348,Neural_Networks,15
5454,Neural_Networks,3
5462,Neural_Networks,4
5600,Case_Based,5
5869,Neural_Networks,2
5959,Case_Based,4
5966,Genetic_Algorithms,8
6125,Theory,5
6130,Neural_Networks,5
6151,Reinforcement_Learning,9
6152,Reinforcement_Learning,1
6155,Reinforcement_Learning,1
6163,Reinforcement_Learning,8
6169,Reinforcement_Learning,6
6170,Reinforcement_Learning,0
6184,Reinforcement_Learning,8
6196,Reinforcement_Learning,6
6209,Reinforcement_Learning,11
6210,Reinforcement_Learning,1
6213,Reinforcement_Learning,76
6214,Reinforcement_Learning,28
6215,Reinforcement_Learning,2
6216,Reinforcement_Learning,6
6217,Reinforcement_Learning,0
6220,Reinforcement_Learning,3
6224,Reinforcement_Learning,3
6238,Theory,4
6311,Theory,4
6318,Case_Based,4
6334,Case_Based,13
6343,Case_Based,5
6344,Case_Based,2
6346,Case_Based,2
6378,Reinforcement_Learning,3
6385,Reinforcement_Learning,8
6539,Theory,1
6639,Rule_Learning,4
6741,Theory,9
6767,Case_Based,7
6771,Theory,1
6775,Neural_Networks,2
6782,Theory,2
6784,Neural_Networks,8
6786,Probabilistic_Methods,2
6814,Probabilistic_Methods,9
6818,Probabilistic_Methods,8
6898,Neural_Networks,6
6910,Neural_Networks,9
6913,Probabilistic_Methods,10
6917,Rule_Learning,2
6923,Rule_Learning,6
6925,Neural_Networks,5
6935,Rule_Learning,8
6939,Rule_Learning,1
6941,Rule_Learning,1
7022,Neural_Networks,0
7032,Probabilistic_Methods,5
7041,Neural_Networks,1
7047,Reinforcement_Learning,5
7272,Neural_Networks,4
7276,Neural_Networks,1
7296,Neural_Networks,1
7297,Neural_Networks,3
7419,Reinforcement_Learning,7
7430,Reinforcement_Learning,2
7432,Reinforcement_Learning,0
7532,Neural_Networks,6
7537,Neural_Networks,7
7867,Case_Based,2
8079,Theory,7
8213,Reinforcement_Learning,0
8224,Theory,25
8581,Neural_Networks,5
8591,Rule_Learning,4
8594,Rule_Learning,8
8617,Neural_Networks,5
8619,Neural_Networks,2
8687,Rule_Learning,2
8696,Theory,2
8699,Theory,2
8703,Rule_Learning,15
8766,Rule_Learning,1
8821,Case_Based,2
8832,Case_Based,1
8865,Genetic_Algorithms,7
8872,Reinforcement_Learning,8
8874,Genetic_Algorithms,7
8875,Genetic_Algorithms,5
8961,Reinforcement_Learning,2
9513,Theory,1
9515,Theory,3
9559,Rule_Learning,2
9581,Probabilistic_Methods,2
9586,Genetic_Algorithms,2
9708,Case_Based,5
9716,Theory,3
10169,Theory,19
10174,Theory,1
10177,Theory,15
10183,Case_Based,10
10186,Theory,1
10430,Case_Based,2
10435,Case_Based,6
10531,Neural_Networks,11
10793,Theory,0
10796,Case_Based,14
10798,Case_Based,11
10981,Neural_Networks,2
11093,Probabilistic_Methods,1
11148,Rule_Learning,4
11325,Rule_Learning,0
11326,Theory,1
11335,Rule_Learning,9
11337,Theory,1
11339,Theory,5
11342,Theory,3
12155,Theory,1
12158,Theory,2
12165,Theory,2
12169,Theory,3
12182,Theory,20
12194,Theory,1
12195,Theory,8
12197,Theory,3
12198,Theory,6
12199,Theory,2
12210,Theory,7
12211,Theory,1
12238,Theory,4
12247,Theory,2
12275,Neural_Networks,0
12330,Neural_Networks,9
12337,Neural_Networks,6
12347,Neural_Networks,2
12350,Theory,19
12359,Neural_Networks,3
12439,Neural_Networks,3
12558,Genetic_Algorithms,0
12576,Genetic_Algorithms,19
12631,Neural_Networks,8
12638,Neural_Networks,7
12946,Probabilistic_Methods,0
12960,Theory,0
13024,Rule_Learning,1
13136,Neural_Networks,2
13193,Reinforcement_Learning,2
13195,Reinforcement_Learning,3
13205,Reinforcement_Learning,2
13208,Reinforcement_Learning,2
13212,Neural_Networks,7
13213,Reinforcement_Learning,2
13269,Probabilistic_Methods,1
13652,Neural_Networks,3
13654,Neural_Networks,4
13656,Neural_Networks,1
13658,Neural_Networks,7
13686,Neural_Networks,4
13717,Rule_Learning,3
13885,Neural_Networks,5
13917,Reinforcement_Learning,1
13960,Reinforcement_Learning,0
13966,Reinforcement_Learning,1
13972,Reinforcement_Learning,2
13982,Theory,1
14062,Genetic_Algorithms,11
14083,Neural_Networks,1
14090,Probabilistic_Methods,2
14428,Probabilistic_Methods,6
14429,Probabilistic_Methods,6
14430,Probabilistic_Methods,7
14431,Probabilistic_Methods,1
14529,Case_Based,4
14531,Case_Based,6
14545,Neural_Networks,2
14549,Theory,2
14807,Theory,2
15076,Neural_Networks,2
15429,Theory,19
15431,Theory,1
15670,Genetic_Algorithms,1
15889,Case_Based,7
15892,Case_Based,2
15984,Probabilistic_Methods,4
15987,Probabilistic_Methods,6
16008,Probabilistic_Methods,11
16437,Neural_Networks,6
16451,Neural_Networks,1
16461,Neural_Networks,1
16470,Neural_Networks,1
16471,Neural_Networks,5
16474,Neural_Networks,1
16476,Neural_Networks,4
16485,Neural_Networks,8
16819,Probabilistic_Methods,12
16843,Probabilistic_Methods,3
17201,Reinforcement_Learning,7
17208,Reinforcement_Learning,5
17242,Probabilistic_Methods,2
17363,Neural_Networks,1
17476,Reinforcement_Learning,9
17477,Genetic_Algorithms,1
17488,Reinforcement_Learning,1
17798,Case_Based,6
17811,Genetic_Algorithms,2
17821,Reinforcement_Learning,1
18251,Case_Based,1
18313,Reinforcement_Learning,1
18532,Neural_Networks,1
18536,Neural_Networks,3
18582,Genetic_Algorithms,0
18615,Rule_Learning,3
18619,Theory,3
18770,Probabilistic_Methods,3
18773,Probabilistic_Methods,2
18774,Probabilistic_Methods,1
18777,Probabilistic_Methods,13
18781,Theory,3
18785,Probabilistic_Methods,0
18811,Probabilistic_Methods,3
18812,Probabilistic_Methods,2
18815,Case_Based,2
18832,Reinforcement_Learning,4
18833,Reinforcement_Learning,0
18834,Reinforcement_Learning,3
19045,Genetic_Algorithms,4
19231,Theory,6
19621,Neural_Networks,31
19697,Neural_Networks,5
20178,Case_Based,3
20179,Case_Based,4
20180,Case_Based,2
20193,Case_Based,22
20526,Reinforcement_Learning,2
20528,Case_Based,3
20534,Reinforcement_Learning,7
20584,Neural_Networks,8
20592,Neural_Networks,1
20593,Neural_Networks,0
20601,Theory,11
20602,Theory,9
20821,Rule_Learning,2
20833,Case_Based,0
20850,Theory,0
20857,Rule_Learning,2
20920,Probabilistic_Methods,0
20923,Probabilistic_Methods,5
20924,Probabilistic_Methods,6
20942,Theory,0
20972,Reinforcement_Learning,1
22229,Genetic_Algorithms,11
22241,Genetic_Algorithms,4
22386,Case_Based,8
22431,Rule_Learning,6
22563,Neural_Networks,19
22564,Case_Based,3
22566,Case_Based,2
22835,Neural_Networks,2
22869,Case_Based,1
22874,Case_Based,1
22875,Case_Based,3
22876,Case_Based,0
22883,Theory,1
22886,Case_Based,3
23069,Probabilistic_Methods,2
23070,Probabilistic_Methods,5
23116,Theory,5
23258,Reinforcement_Learning,3
23448,Neural_Networks,0
23502,Neural_Networks,2
23507,Neural_Networks,7
23545,Theory,0
23546,Rule_Learning,1
23738,Theory,15
23774,Reinforcement_Learning,3
24043,Neural_Networks,3
24476,Probabilistic_Methods,3
24530,Reinforcement_Learning,1
24966,Theory,29
24974,Neural_Networks,6
25181,Neural_Networks,6
25184,Neural_Networks,2
25413,Rule_Learning,0
25702,Neural_Networks,8
25772,Neural_Networks,6
25791,Neural_Networks,2
25794,Neural_Networks,1
25805,Theory,4
26850,Neural_Networks,1
27174,Neural_Networks,4
27199,Theory,2
27203,Theory,3
27230,Rule_Learning,1
27241,Theory,2
27243,Theory,2
27246,Neural_Networks,1
27249,Theory,2
27250,Theory,0
27510,Theory,4
27514,Neural_Networks,1
27530,Neural_Networks,5
27531,Neural_Networks,2
27535,Probabilistic_Methods,5
27543,Neural_Networks,3
27606,Theory,3
27612,Theory,2
27623,Neural_Networks,9
27627,Theory,9
27631,Case_Based,3
27632,Reinforcement_Learning,1
27895,Theory,7
28026,Case_Based,2
28202,Reinforcement_Learning,3
28227,Reinforcement_Learning,2
28230,Probabilistic_Methods,2
28249,Reinforcement_Learning,3
28254,Neural_Networks,4
28265,Case_Based,2
28267,Case_Based,1
28278,Reinforcement_Learning,1
28287,Reinforcement_Learning,8
28290,Reinforcement_Learning,6
28336,Genetic_Algorithms,1
28350,Reinforcement_Learning,12
28359,Reinforcement_Learning,1
28385,Reinforcement_Learning,3
28387,Reinforcement_Learning,1
28389,Reinforcement_Learning,1
28412,Reinforcement_Learning,4
28447,Case_Based,3
28456,Theory,0
28471,Reinforcement_Learning,1
28473,Reinforcement_Learning,0
28485,Reinforcement_Learning,2
28487,Reinforcement_Learning,5
28489,Reinforcement_Learning,2
28491,Reinforcement_Learning,4
28504,Reinforcement_Learning,6
28542,Reinforcement_Learning,2
28632,Theory,1
28640,Theory,2
28641,Theory,0
28649,Theory,3
28674,Theory,0
28851,Genetic_Algorithms,3
28957,Probabilistic_Methods,9
28964,Probabilistic_Methods,2
29492,Neural_Networks,8
29708,Neural_Networks,1
29723,Probabilistic_Methods,4
29738,Probabilistic_Methods,1
30817,Neural_Networks,4
30895,Theory,5
30901,Theory,0
30934,Theory,1
30973,Neural_Networks,0
31043,Neural_Networks,0
31055,Neural_Networks,1
31083,Theory,2
31097,Case_Based,0
31105,Neural_Networks,2
31336,Neural_Networks,3
31349,Neural_Networks,1
31353,Neural_Networks,19
31479,Probabilistic_Methods,7
31483,Probabilistic_Methods,4
31489,Probabilistic_Methods,11
31769,Neural_Networks,2
31863,Probabilistic_Methods,2
31927,Neural_Networks,4
31932,Neural_Networks,1
32083,Neural_Networks,10
32260,Theory,2
32276,Theory,6
32688,Neural_Networks,2
32698,Probabilistic_Methods,1
32872,Reinforcement_Learning,1
33013,Reinforcement_Learning,0
33231,Probabilistic_Methods,8
33301,Case_Based,2
33303,Case_Based,0
33325,Theory,3
33412,Neural_Networks,3
33818,Neural_Networks,5
33823,Neural_Networks,5
33895,Genetic_Algorithms,6
33904,Genetic_Algorithms,2
33907,Genetic_Algorithms,5
34082,Probabilistic_Methods,2
34257,Neural_Networks,13
34263,Neural_Networks,3
34266,Neural_Networks,3
34315,Neural_Networks,2
34355,Neural_Networks,1
34708,Neural_Networks,3
34961,Neural_Networks,2
34979,Theory,3
35061,Genetic_Algorithms,12
35070,Case_Based,0
35335,Neural_Networks,3
35343,Neural_Networks,1
35490,Case_Based,4
35778,Probabilistic_Methods,7
35797,Neural_Networks,10
35852,Reinforcement_Learning,4
35854,Theory,0
35863,Reinforcement_Learning,3
35905,Neural_Networks,4
35922,Probabilistic_Methods,13
36131,Probabilistic_Methods,3
36140,Theory,12
36145,Neural_Networks,5
36162,Probabilistic_Methods,7
36167,Reinforcement_Learning,1
36620,Case_Based,3
36802,Probabilistic_Methods,6
37483,Case_Based,5
37541,Theory,2
37879,Probabilistic_Methods,1
37884,Probabilistic_Methods,1
37888,Probabilistic_Methods,5
37998,Rule_Learning,0
38000,Rule_Learning,0
38205,Genetic_Algorithms,11
38480,Reinforcement_Learning,1
38537,Probabilistic_Methods,6
38722,Theory,6
38771,Neural_Networks,1
38829,Case_Based,3
38839,Case_Based,1
38845,Case_Based,2
38846,Case_Based,2
39124,Case_Based,0
39126,Probabilistic_Methods,2
39127,Rule_Learning,16
39130,Case_Based,4
39131,Case_Based,4
39165,Probabilistic_Methods,3
39199,Neural_Networks,3
39210,Neural_Networks,2
39403,Reinforcement_Learning,1
39474,Genetic_Algorithms,1
39890,Probabilistic_Methods,18
39904,Neural_Networks,0
40124,Theory,2
40125,Probabilistic_Methods,1
40131,Neural_Networks,1
40135,Neural_Networks,2
40151,Theory,9
40583,Probabilistic_Methods,0
40605,Probabilistic_Methods,3
40886,Neural_Networks,7
40922,Case_Based,0
41216,Neural_Networks,1
41417,Case_Based,3
41666,Theory,1
41714,Genetic_Algorithms,11
41732,Reinforcement_Learning,0
42156,Neural_Networks,4
42207,Theory,1
42209,Theory,1
42221,Theory,5
42847,Neural_Networks,1
42848,Genetic_Algorithms,2
43165,Neural_Networks,1
43186,Neural_Networks,3
43639,Neural_Networks,2
43698,Neural_Networks,3
44017,Theory,3
44121,Probabilistic_Methods,1
44368,Genetic_Algorithms,1
44455,Genetic_Algorithms,6
44514,Neural_Networks,3
45052,Probabilistic_Methods,2
45061,Theory,0
45188,Theory,5
45189,Theory,8
45212,Neural_Networks,2
45533,Neural_Networks,6
45599,Genetic_Algorithms,0
45603,Reinforcement_Learning,2
45605,Genetic_Algorithms,9
46079,Genetic_Algorithms,2
46431,Neural_Networks,0
46452,Rule_Learning,2
46468,Probabilistic_Methods,1
46470,Theory,1
46476,Rule_Learning,0
46491,Theory,12
46500,Theory,1
46501,Theory,2
46536,Neural_Networks,0
46547,Theory,4
46887,Neural_Networks,5
47570,Case_Based,1
47682,Neural_Networks,3
47683,Case_Based,0
47684,Case_Based,0
47839,Reinforcement_Learning,1
48066,Theory,0
48075,Rule_Learning,0
48550,Neural_Networks,2
48555,Neural_Networks,2
48764,Reinforcement_Learning,2
48766,Genetic_Algorithms,2
48768,Reinforcement_Learning,1
48781,Genetic_Algorithms,4
49482,Neural_Networks,4
49660,Theory,2
49720,Probabilistic_Methods,1
49753,Probabilistic_Methods,1
49811,Theory,2
49843,Rule_Learning,3
49844,Rule_Learning,1
49847,Rule_Learning,1
49895,Rule_Learning,0
50336,Probabilistic_Methods,5
50337,Probabilistic_Methods,3
50354,Neural_Networks,3
50381,Theory,1
50807,Genetic_Algorithms,1
50838,Neural_Networks,2
50980,Case_Based,1
51045,Probabilistic_Methods,1
51049,Probabilistic_Methods,5
51052,Probabilistic_Methods,2
51180,Theory,4
51831,Neural_Networks,0
51834,Theory,0
51866,Theory,4
51879,Probabilistic_Methods,4
51909,Rule_Learning,3
51934,Neural_Networks,1
52000,Neural_Networks,2
52003,Neural_Networks,3
52007,Neural_Networks,1
52515,Probabilistic_Methods,3
52784,Theory,1
52835,Rule_Learning,1
52847,Theory,2
53942,Theory,2
54129,Genetic_Algorithms,14
54131,Genetic_Algorithms,11
54132,Genetic_Algorithms,8
54550,Case_Based,1
54844,Theory,1
55403,Rule_Learning,1
55770,Case_Based,3
55801,Case_Based,1
55968,Reinforcement_Learning,1
56112,Genetic_Algorithms,7
56115,Genetic_Algorithms,10
56119,Genetic_Algorithms,4
56167,Case_Based,5
56708,Reinforcement_Learning,3
56709,Genetic_Algorithms,5
57119,Genetic_Algorithms,11
57764,Theory,1
57773,Rule_Learning,2
57922,Theory,2
57932,Neural_Networks,1
57948,Theory,3
58268,Rule_Learning,3
58436,Case_Based,2
58453,Genetic_Algorithms,1
58454,Case_Based,2
58540,Reinforcement_Learning,1
58552,Neural_Networks,2
58758,Genetic_Algorithms,6
59045,Theory,1
59244,Case_Based,0
59626,Theory,5
59715,Genetic_Algorithms,1
59772,Neural_Networks,1
59798,Neural_Networks,8
60159,Neural_Networks,2
60169,Neural_Networks,1
60170,Neural_Networks,1
60560,Neural_Networks,0
60682,Case_Based,1
61069,Genetic_Algorithms,5
61073,Genetic_Algorithms,1
61312,Genetic_Algorithms,1
61417,Rule_Learning,3
62274,Theory,3
62329,Genetic_Algorithms,5
62333,Neural_Networks,0
62347,Reinforcement_Learning,1
62389,Case_Based,1
62417,Probabilistic_Methods,2
62607,Rule_Learning,1
62634,Genetic_Algorithms,1
62676,Neural_Networks,2
62718,Case_Based,1
63477,Case_Based,0
63486,Theory,3
63549,Neural_Networks,1
63812,Case_Based,3
63832,Genetic_Algorithms,0
63835,Case_Based,2
63915,Neural_Networks,4
63931,Rule_Learning,5
64271,Case_Based,5
64319,Theory,2
64484,Reinforcement_Learning,1
64519,Reinforcement_Learning,3
65057,Probabilistic_Methods,4
65074,Probabilistic_Methods,10
65212,Neural_Networks,3
65650,Theory,4
65653,Theory,2
66556,Genetic_Algorithms,5
66563,Genetic_Algorithms,2
66564,Genetic_Algorithms,4
66594,Theory,1
66596,Rule_Learning,2
66751,Theory,5
66782,Rule_Learning,2
66794,Probabilistic_Methods,3
66805,Genetic_Algorithms,2
66809,Reinforcement_Learning,1
66982,Neural_Networks,1
66986,Neural_Networks,1
66990,Neural_Networks,5
67245,Neural_Networks,2
67246,Neural_Networks,1
67292,Neural_Networks,1
67415,Theory,7
67584,Probabilistic_Methods,3
67633,Case_Based,2
68115,Case_Based,1
68224,Neural_Networks,4
68463,Rule_Learning,0
68495,Theory,0
68505,Theory,0
69198,Neural_Networks,3
69284,Genetic_Algorithms,2
69296,Genetic_Algorithms,1
69392,Neural_Networks,1
69397,Theory,0
69418,Neural_Networks,0
70281,Neural_Networks,2
70441,Case_Based,0
70442,Case_Based,2
70444,Case_Based,5
70520,Reinforcement_Learning,2
70970,Genetic_Algorithms,3
71336,Neural_Networks,1
71736,Probabilistic_Methods,2
71904,Neural_Networks,2
72056,Neural_Networks,1
72101,Neural_Networks,1
72406,Reinforcement_Learning,1
72805,Rule_Learning,1
72908,Rule_Learning,4
73119,Probabilistic_Methods,2
73146,Probabilistic_Methods,4
73162,Probabilistic_Methods,10
73323,Case_Based,2
73327,Case_Based,5
73712,Neural_Networks,2
73972,Case_Based,1
74427,Neural_Networks,6
74698,Probabilistic_Methods,2
74700,Probabilistic_Methods,2
74749,Theory,3
74821,Probabilistic_Methods,3
74920,Probabilistic_Methods,1
74921,Probabilistic_Methods,1
74937,Neural_Networks,3
74975,Case_Based,5
75121,Case_Based,4
75318,Neural_Networks,3
75674,Reinforcement_Learning,2
75691,Neural_Networks,0
75693,Reinforcement_Learning,1
75694,Reinforcement_Learning,1
75695,Neural_Networks,4
75969,Rule_Learning,6
75972,Rule_Learning,3
75983,Neural_Networks,2
77108,Theory,2
77112,Theory,0
77438,Probabilistic_Methods,9
77515,Theory,1
77758,Neural_Networks,9
77826,Case_Based,2
77829,Case_Based,2
78508,Neural_Networks,1
78511,Genetic_Algorithms,3
78549,Neural_Networks,0
78552,Neural_Networks,4
78555,Neural_Networks,3
78557,Neural_Networks,5
78994,Neural_Networks,2
79809,Theory,8
79817,Probabilistic_Methods,1
80491,Neural_Networks,3
80515,Neural_Networks,2
80656,Neural_Networks,3
81350,Reinforcement_Learning,2
81714,Case_Based,1
81722,Case_Based,0
82087,Genetic_Algorithms,0
82090,Genetic_Algorithms,1
82098,Genetic_Algorithms,1
82664,Case_Based,2
82666,Case_Based,3
82920,Genetic_Algorithms,23
83449,Case_Based,3
83461,Rule_Learning,1
83725,Genetic_Algorithms,5
83746,Neural_Networks,1
83826,Neural_Networks,1
83847,Neural_Networks,4
84020,Probabilistic_Methods,2
84021,Genetic_Algorithms,7
84459,Theory,0
84695,Neural_Networks,0
85299,Neural_Networks,3
85324,Neural_Networks,2
85352,Genetic_Algorithms,16
85449,Neural_Networks,2
85452,Theory,2
85688,Rule_Learning,5
86258,Theory,1
86359,Reinforcement_Learning,4
86840,Theory,0
86923,Neural_Networks,2
87363,Genetic_Algorithms,1
87417,Genetic_Algorithms,5
87482,Neural_Networks,1
87915,Probabilistic_Methods,4
88356,Probabilistic_Methods,0
89308,Case_Based,2
89335,Case_Based,1
89416,Probabilistic_Methods,5
89547,Theory,12
90470,Probabilistic_Methods,2
90655,Neural_Networks,2
90888,Neural_Networks,3
91038,Probabilistic_Methods,1
91581,Probabilistic_Methods,2
91852,Case_Based,1
91853,Case_Based,4
91975,Reinforcement_Learning,1
92065,Neural_Networks,1
92589,Probabilistic_Methods,3
93273,Theory,2
93318,Neural_Networks,1
93320,Reinforcement_Learning,0
93555,Neural_Networks,5
93755,Theory,1
93923,Rule_Learning,1
94229,Neural_Networks,2
94416,Rule_Learning,1
94639,Genetic_Algorithms,6
94641,Genetic_Algorithms,6
94713,Probabilistic_Methods,0
94953,Neural_Networks,0
95188,Case_Based,2
95198,Case_Based,1
95225,Theory,1
95435,Reinforcement_Learning,0
95579,Reinforcement_Learning,0
95586,Reinforcement_Learning,1
95588,Reinforcement_Learning,1
95589,Reinforcement_Learning,0
95594,Reinforcement_Learning,3
95597,Reinforcement_Learning,1
95642,Case_Based,3
95718,Theory,1
95719,Probabilistic_Methods,1
96335,Neural_Networks,0
96845,Genetic_Algorithms,0
96847,Genetic_Algorithms,1
96851,Genetic_Algorithms,2
97377,Theory,3
97390,Genetic_Algorithms,5
97645,Genetic_Algorithms,2
97892,Case_Based,0
98693,Genetic_Algorithms,2
98698,Genetic_Algorithms,1
99023,Neural_Networks,3
99025,Neural_Networks,0
99030,Neural_Networks,1
100197,Neural_Networks,3
100701,Case_Based,1
100935,Genetic_Algorithms,2
100961,Neural_Networks,1
101143,Case_Based,2
101145,Case_Based,0
101261,Theory,1
101263,Theory,3
101660,Rule_Learning,1
101662,Theory,1
101811,Theory,4
102061,Genetic_Algorithms,1
102406,Theory,0
102879,Theory,1
102884,Theory,1
102938,Neural_Networks,1
102939,Neural_Networks,2
103430,Neural_Networks,2
103482,Neural_Networks,5
103515,Genetic_Algorithms,9
103528,Case_Based,2
103529,Case_Based,1
103531,Case_Based,2
103537,Probabilistic_Methods,1
103543,Probabilistic_Methods,2
104840,Theory,0
105057,Theory,0
105856,Neural_Networks,3
105865,Neural_Networks,2
105899,Probabilistic_Methods,1
106590,Probabilistic_Methods,2
107177,Theory,1
107251,Theory,2
107252,Theory,0
107569,Neural_Networks,2
108047,Genetic_Algorithms,9
108962,Probabilistic_Methods,4
108963,Probabilistic_Methods,2
108974,Probabilistic_Methods,5
108983,Probabilistic_Methods,4
109323,Probabilistic_Methods,1
110041,Genetic_Algorithms,2
110162,Case_Based,2
110163,Case_Based,2
110164,Case_Based,0
111676,Case_Based,1
111770,Probabilistic_Methods,1
111866,Theory,1
112099,Case_Based,1
112378,Case_Based,5
112787,Case_Based,1
112813,Case_Based,0
114189,Probabilistic_Methods,1
114308,Reinforcement_Learning,1
114966,Neural_Networks,1
115188,Neural_Networks,1
116021,Theory,1
116081,Rule_Learning,2
116084,Rule_Learning,4
116087,Rule_Learning,0
116512,Neural_Networks,1
116528,Theory,3
116545,Genetic_Algorithms,6
116552,Genetic_Algorithms,2
116553,Genetic_Algorithms,1
116790,Probabilistic_Methods,1
117315,Genetic_Algorithms,1
117316,Genetic_Algorithms,1
117328,Case_Based,4
118079,Reinforcement_Learning,0
118259,Reinforcement_Learning,2
118260,Reinforcement_Learning,1
118424,Neural_Networks,1
118435,Neural_Networks,1
118436,Neural_Networks,0
118558,Reinforcement_Learning,0
118559,Reinforcement_Learning,2
118682,Probabilistic_Methods,0
118873,Neural_Networks,3
119686,Neural_Networks,2
119712,Genetic_Algorithms,1
119761,Neural_Networks,2
119956,Neural_Networks,0
120013,Neural_Networks,0
120039,Case_Based,0
120084,Neural_Networks,1
120817,Neural_Networks,2
121792,Neural_Networks,1
123556,Neural_Networks,3
123825,Neural_Networks,8
124064,Reinforcement_Learning,3
124224,Neural_Networks,2
124296,Neural_Networks,1
124734,Theory,2
124828,Neural_Networks,1
124952,Probabilistic_Methods,5
126128,Neural_Networks,0
126793,Probabilistic_Methods,2
126867,Case_Based,1
126868,Case_Based,2
126909,Probabilistic_Methods,1
126912,Probabilistic_Methods,2
126920,Probabilistic_Methods,3
126926,Probabilistic_Methods,2
126927,Probabilistic_Methods,5
127033,Genetic_Algorithms,3
127940,Neural_Networks,2
128202,Theory,0
128203,Theory,1
128383,Case_Based,1
128540,Genetic_Algorithms,1
129042,Case_Based,3
129045,Case_Based,2
129287,Neural_Networks,1
129558,Case_Based,0
129896,Probabilistic_Methods,0
129897,Probabilistic_Methods,0
131042,Neural_Networks,1
131117,Neural_Networks,2
131122,Neural_Networks,1
131315,Neural_Networks,1
131317,Neural_Networks,1
131318,Neural_Networks,1
132806,Genetic_Algorithms,3
132821,Theory,1
133550,Neural_Networks,3
133553,Neural_Networks,2
133563,Neural_Networks,3
133566,Neural_Networks,1
133567,Neural_Networks,2
133615,Rule_Learning,3
133628,Theory,1
134060,Theory,1
134128,Reinforcement_Learning,3
134199,Genetic_Algorithms,3
134219,Genetic_Algorithms,4
134307,Probabilistic_Methods,1
134314,Probabilistic_Methods,2
134315,Probabilistic_Methods,1
134316,Probabilistic_Methods,2
134320,Probabilistic_Methods,1
135130,Reinforcement_Learning,3
135464,Neural_Networks,5
135765,Rule_Learning,1
135766,Rule_Learning,3
135798,Case_Based,1
136665,Reinforcement_Learning,1
136766,Rule_Learning,1
136767,Theory,2
136768,Rule_Learning,1
137130,Probabilistic_Methods,2
137359,Rule_Learning,4
137380,Rule_Learning,3
137790,Theory,5
137849,Probabilistic_Methods,2
137868,Probabilistic_Methods,6
137873,Probabilistic_Methods,0
137956,Rule_Learning,1
139547,Neural_Networks,0
139738,Neural_Networks,1
139865,Neural_Networks,2
140005,Theory,1
140569,Neural_Networks,0
141160,Neural_Networks,4
141171,Neural_Networks,1
141324,Genetic_Algorithms,2
141342,Genetic_Algorithms,7
141347,Genetic_Algorithms,1
141596,Neural_Networks,1
141868,Case_Based,1
142268,Probabilistic_Methods,3
143323,Case_Based,5
143476,Probabilistic_Methods,1
143676,Neural_Networks,1
143801,Neural_Networks,1
144212,Genetic_Algorithms,1
144330,Theory,1
144408,Neural_Networks,2
144679,Case_Based,1
144701,Genetic_Algorithms,6
145134,Neural_Networks,2
145176,Neural_Networks,3
145215,Case_Based,3
145315,Rule_Learning,2
145384,Reinforcement_Learning,3
147870,Neural_Networks,3
148170,Genetic_Algorithms,2
148341,Genetic_Algorithms,2
148399,Theory,0
149139,Theory,1
149669,Probabilistic_Methods,1
151430,Rule_Learning,1
151708,Neural_Networks,1
152219,Neural_Networks,0
152226,Theory,1
152227,Theory,3
152483,Genetic_Algorithms,2
152731,Neural_Networks,2
153063,Probabilistic_Methods,9
153598,Reinforcement_Learning,1
154023,Neural_Networks,3
154047,Neural_Networks,3
154134,Case_Based,0
154982,Probabilistic_Methods,6
155158,Rule_Learning,2
155277,Probabilistic_Methods,0
155736,Theory,1
155738,Theory,2
156794,Probabilistic_Methods,1
156977,Neural_Networks,4
157401,Neural_Networks,1
157761,Theory,1
157805,Theory,1
158098,Probabilistic_Methods,0
158172,Probabilistic_Methods,1
158614,Theory,1
158812,Neural_Networks,1
159084,Neural_Networks,3
159085,Neural_Networks,2
159897,Probabilistic_Methods,2
160705,Neural_Networks,0
160732,Rule_Learning,2
161221,Neural_Networks,1
162075,Neural_Networks,3
162080,Neural_Networks,4
162664,Probabilistic_Methods,5
163235,Neural_Networks,1
164885,Genetic_Algorithms,1
166420,Theory,1
166825,Case_Based,2
166989,Theory,3
167205,Rule_Learning,0
167656,Theory,0
167670,Probabilistic_Methods,1
168332,Reinforcement_Learning,1
168410,Reinforcement_Learning,0
168958,Neural_Networks,0
169279,Neural_Networks,2
169280,Neural_Networks,2
170338,Reinforcement_Learning,0
170798,Case_Based,1
171225,Neural_Networks,0
171954,Theory,4
173863,Probabilistic_Methods,1
173884,Probabilistic_Methods,0
174418,Theory,2
174425,Theory,2
175256,Genetic_Algorithms,3
175291,Neural_Networks,1
175548,Neural_Networks,4
175576,Theory,0
175909,Case_Based,3
177115,Case_Based,1
177993,Genetic_Algorithms,1
177998,Genetic_Algorithms,2
178209,Rule_Learning,5
178718,Genetic_Algorithms,2
178727,Genetic_Algorithms,1
179180,Neural_Networks,3
179702,Neural_Networks,4
179706,Neural_Networks,1
180187,Rule_Learning,1
180301,Probabilistic_Methods,1
180373,Neural_Networks,1
180399,Neural_Networks,2
181782,Reinforcement_Learning,0
182093,Reinforcement_Learning,1
182094,Genetic_Algorithms,3
184157,Reinforcement_Learning,1
184918,Neural_Networks,2
187260,Case_Based,1
187354,Rule_Learning,3
188318,Neural_Networks,1
188471,Reinforcement_Learning,1
189566,Probabilistic_Methods,5
189571,Probabilistic_Methods,4
189572,Probabilistic_Methods,1
189574,Probabilistic_Methods,1
189577,Probabilistic_Methods,0
189620,Probabilistic_Methods,2
189623,Probabilistic_Methods,1
189655,Probabilistic_Methods,3
189708,Probabilistic_Methods,1
189721,Probabilistic_Methods,1
189774,Probabilistic_Methods,2
189856,Probabilistic_Methods,4
190697,Genetic_Algorithms,0
190698,Neural_Networks,3
190706,Genetic_Algorithms,2
191216,Neural_Networks,0
191222,Neural_Networks,2
191404,Probabilistic_Methods,0
192734,Theory,0
192850,Theory,1
192870,Neural_Networks,2
193347,Rule_Learning,4
193352,Rule_Learning,5
193354,Rule_Learning,1
193742,Reinforcement_Learning,2
193918,Neural_Networks,1
193931,Neural_Networks,2
193932,Neural_Networks,1
194223,Probabilistic_Methods,2
194609,Neural_Networks,7
194617,Neural_Networks,4
194645,Reinforcement_Learning,1
195150,Rule_Learning,1
195361,Reinforcement_Learning,1
195792,Genetic_Algorithms,5
197054,Reinforcement_Learning,1
197452,Neural_Networks,2
197783,Neural_Networks,0
198443,Genetic_Algorithms,1
198653,Genetic_Algorithms,5
198866,Case_Based,2
199571,Neural_Networks,1
200480,Case_Based,0
200630,Neural_Networks,1
202520,Probabilistic_Methods,2
202522,Probabilistic_Methods,1
202639,Neural_Networks,9
203646,Neural_Networks,1
205192,Neural_Networks,3
205196,Neural_Networks,8
206259,Reinforcement_Learning,0
206371,Genetic_Algorithms,1
206524,Rule_Learning,1
207395,Case_Based,0
208345,Case_Based,2
210309,Theory,1
210871,Genetic_Algorithms,13
210872,Genetic_Algorithms,6
211432,Theory,0
211875,Neural_Networks,0
211906,Theory,0
212097,Probabilistic_Methods,1
212107,Probabilistic_Methods,1
212777,Rule_Learning,0
212930,Neural_Networks,0
213246,Neural_Networks,2
213279,Neural_Networks,1
214472,Reinforcement_Learning,0
215912,Neural_Networks,1
216877,Rule_Learning,2
216878,Theory,3
217115,Theory,1
217139,Case_Based,1
217852,Rule_Learning,0
217984,Neural_Networks,1
218410,Reinforcement_Learning,2
218666,Case_Based,0
218682,Case_Based,1
219218,Probabilistic_Methods,1
219239,Theory,2
219446,Neural_Networks,4
219976,Case_Based,1
220420,Genetic_Algorithms,1
221302,Case_Based,1
226698,Neural_Networks,2
227178,Genetic_Algorithms,5
227286,Neural_Networks,1
228990,Neural_Networks,1
228992,Neural_Networks,0
229635,Genetic_Algorithms,0
230300,Reinforcement_Learning,1
230879,Neural_Networks,18
230884,Neural_Networks,4
231198,Neural_Networks,3
231249,Genetic_Algorithms,2
232605,Rule_Learning,1
232606,Rule_Learning,3
232860,Neural_Networks,1
233106,Neural_Networks,2
235670,Rule_Learning,0
235678,Rule_Learning,3
235679,Rule_Learning,5
235683,Rule_Learning,5
235776,Theory,0
236759,Neural_Networks,0
237376,Theory,0
237489,Neural_Networks,2
237521,Neural_Networks,1
238099,Rule_Learning,1
238401,Theory,1
239800,Theory,1
239810,Case_Based,1
239829,Case_Based,0
240321,Neural_Networks,10
240791,Genetic_Algorithms,4
241133,Theory,1
241821,Neural_Networks,2
242637,Neural_Networks,1
242663,Probabilistic_Methods,0
243274,Neural_Networks,0
243483,Genetic_Algorithms,1
245288,Reinforcement_Learning,1
245955,Reinforcement_Learning,0
246618,Genetic_Algorithms,2
248119,Theory,0
248395,Neural_Networks,2
248425,Genetic_Algorithms,4
248431,Genetic_Algorithms,1
248823,Reinforcement_Learning,1
249421,Neural_Networks,2
249858,Theory,1
250566,Case_Based,1
251756,Genetic_Algorithms,2
252715,Rule_Learning,1
252725,Rule_Learning,0
253762,Probabilistic_Methods,1
253971,Neural_Networks,1
254923,Genetic_Algorithms,2
255233,Case_Based,1
255628,Neural_Networks,3
256106,Neural_Networks,1
258259,Neural_Networks,1
259126,Neural_Networks,0
259701,Genetic_Algorithms,1
259702,Genetic_Algorithms,2
259772,Case_Based,1
260121,Neural_Networks,1
260979,Theory,1
261040,Case_Based,2
262108,Neural_Networks,1
262121,Genetic_Algorithms,1
262178,Genetic_Algorithms,3
263069,Genetic_Algorithms,2
263279,Genetic_Algorithms,1
263482,Rule_Learning,3
263486,Rule_Learning,1
263498,Genetic_Algorithms,2
263553,Neural_Networks,3
264347,Theory,1
264556,Neural_Networks,3
265203,Genetic_Algorithms,1
267003,Neural_Networks,1
267824,Neural_Networks,2
270085,Genetic_Algorithms,0
270456,Neural_Networks,2
270600,Neural_Networks,2
272345,Case_Based,0
272720,Theory,1
273152,Genetic_Algorithms,1
273949,Theory,1
277263,Rule_Learning,0
278394,Neural_Networks,2
278403,Neural_Networks,1
280876,Probabilistic_Methods,1
282700,Neural_Networks,1
284023,Neural_Networks,4
284025,Neural_Networks,2
284414,Case_Based,1
285675,Neural_Networks,0
285687,Neural_Networks,1
286500,Genetic_Algorithms,0
286513,Genetic_Algorithms,2
286562,Neural_Networks,0
287787,Genetic_Algorithms,10
288107,Theory,1
289085,Neural_Networks,1
289088,Neural_Networks,1
289779,Genetic_Algorithms,2
289780,Genetic_Algorithms,3
289781,Genetic_Algorithms,4
289885,Probabilistic_Methods,2
289945,Neural_Networks,1
292277,Genetic_Algorithms,1
293271,Reinforcement_Learning,1
293285,Theory,0
293974,Probabilistic_Methods,1
294030,Probabilistic_Methods,1
294126,Rule_Learning,1
294145,Rule_Learning,0
294239,Neural_Networks,0
299195,Neural_Networks,0
299197,Neural_Networks,0
300071,Probabilistic_Methods,0
300806,Neural_Networks,4
302545,Probabilistic_Methods,1
307015,Genetic_Algorithms,4
307336,Neural_Networks,2
307656,Genetic_Algorithms,2
308003,Rule_Learning,0
308232,Rule_Learning,0
308529,Reinforcement_Learning,0
308920,Probabilistic_Methods,0
309476,Theory,0
310530,Case_Based,1
310653,Probabilistic_Methods,1
310742,Probabilistic_Methods,0
312409,Neural_Networks,0
314459,Neural_Networks,1
315266,Probabilistic_Methods,0
315789,Genetic_Algorithms,2
318071,Probabilistic_Methods,1
318187,Rule_Learning,1
321004,Genetic_Algorithms,1
321861,Theory,1
323128,Theory,0
325314,Neural_Networks,1
325497,Reinforcement_Learning,0
328370,Neural_Networks,0
330148,Neural_Networks,2
330208,Neural_Networks,2
334153,Theory,1
335042,Neural_Networks,2
335733,Genetic_Algorithms,1
337766,Case_Based,1
340075,Neural_Networks,0
340078,Neural_Networks,2
340299,Neural_Networks,1
341188,Reinforcement_Learning,2
342802,Neural_Networks,1
345340,Reinforcement_Learning,0
346243,Theory,1
346292,Neural_Networks,2
348305,Rule_Learning,1
348437,Theory,0
350319,Neural_Networks,1
350362,Theory,0
350373,Theory,0
353541,Neural_Networks,0
354004,Probabilistic_Methods,1
358866,Probabilistic_Methods,2
358884,Theory,1
358887,Probabilistic_Methods,2
358894,Theory,0
359067,Case_Based,0
360028,Theory,1
362926,Rule_Learning,0
365294,Reinforcement_Learning,1
367312,Neural_Networks,2
368431,Theory,1
368605,Neural_Networks,1
368657,Neural_Networks,1
370366,Neural_Networks,3
372862,Rule_Learning,0
375605,Genetic_Algorithms,1
375825,Probabilistic_Methods,1
376704,Case_Based,1
377303,Genetic_Algorithms,1
379288,Case_Based,1
380341,Neural_Networks,1
384428,Neural_Networks,1
385067,Case_Based,1
385251,Theory,0
385572,Neural_Networks,1
387795,Genetic_Algorithms,1
389715,Theory,2
390693,Neural_Networks,1
390889,Neural_Networks,0
390894,Probabilistic_Methods,0
390896,Probabilistic_Methods,0
390922,Probabilistic_Methods,0
395075,Genetic_Algorithms,0
395540,Probabilistic_Methods,1
395547,Neural_Networks,0
395553,Neural_Networks,2
395725,Neural_Networks,2
396412,Neural_Networks,0
397488,Genetic_Algorithms,2
397590,Rule_Learning,1
399173,Case_Based,0
399339,Reinforcement_Learning,1
399370,Neural_Networks,1
400356,Neural_Networks,2
400455,Neural_Networks,1
400473,Neural_Networks,1
408885,Probabilistic_Methods,1
409255,Neural_Networks,1
409725,Rule_Learning,0
411005,Neural_Networks,0
411092,Rule_Learning,0
415693,Genetic_Algorithms,1
416455,Genetic_Algorithms,0
416867,Theory,1
416964,Neural_Networks,1
417017,Case_Based,0
421481,Probabilistic_Methods,1
423463,Probabilistic_Methods,0
423816,Genetic_Algorithms,2
424540,Neural_Networks,1
427606,Genetic_Algorithms,4
428610,Neural_Networks,0
429781,Theory,0
429805,Case_Based,0
430329,Neural_Networks,1
430574,Neural_Networks,1
430711,Neural_Networks,2
431206,Probabilistic_Methods,1
436796,Neural_Networks,0
440815,Probabilistic_Methods,1
444191,Neural_Networks,2
444240,Genetic_Algorithms,0
445938,Probabilistic_Methods,1
446271,Probabilistic_Methods,0
446610,Probabilistic_Methods,1
447224,Genetic_Algorithms,1
447250,Neural_Networks,0
449841,Rule_Learning,1
458439,Theory,1
459206,Genetic_Algorithms,1
459213,Genetic_Algorithms,1
459214,Genetic_Algorithms,1
459216,Genetic_Algorithms,2
463825,Theory,0
466170,Neural_Networks,1
467383,Genetic_Algorithms,2
469504,Neural_Networks,0
470511,Case_Based,0
481073,Reinforcement_Learning,0
486840,Genetic_Algorithms,2
502574,Case_Based,0
503871,Genetic_Algorithms,0
503877,Genetic_Algorithms,3
503883,Genetic_Algorithms,9
503893,Genetic_Algorithms,3
509233,Theory,0
509315,Genetic_Algorithms,0
509379,Theory,1
510715,Probabilistic_Methods,0
510718,Probabilistic_Methods,0
513189,Genetic_Algorithms,4
519318,Probabilistic_Methods,1
519353,Probabilistic_Methods,1
520471,Rule_Learning,1
521183,Case_Based,3
521207,Case_Based,1
521251,Case_Based,1
521252,Theory,1
521269,Case_Based,1
521855,Probabilistic_Methods,1
522338,Probabilistic_Methods,2
523010,Neural_Networks,2
523394,Probabilistic_Methods,1
523574,Probabilistic_Methods,4
529165,Neural_Networks,1
531348,Probabilistic_Methods,1
531351,Probabilistic_Methods,1
545647,Theory,1
552469,Theory,0
559804,Probabilistic_Methods,2
560936,Neural_Networks,2
561238,Genetic_Algorithms,0
561364,Probabilistic_Methods,1
561568,Probabilistic_Methods,1
561581,Probabilistic_Methods,2
561582,Probabilistic_Methods,1
561593,Probabilistic_Methods,1
561595,Probabilistic_Methods,2
561610,Probabilistic_Methods,1
561611,Probabilistic_Methods,2
561613,Probabilistic_Methods,2
561674,Neural_Networks,3
561789,Probabilistic_Methods,3
561809,Probabilistic_Methods,3
562067,Probabilistic_Methods,1
562123,Neural_Networks,1
562940,Rule_Learning,2
563613,Neural_Networks,2
566488,Case_Based,0
566653,Case_Based,2
566664,Case_Based,1
567005,Neural_Networks,1
567018,Neural_Networks,1
568045,Rule_Learning,0
568857,Genetic_Algorithms,2
573535,Theory,1
573553,Theory,5
573964,Genetic_Algorithms,3
573978,Genetic_Algorithms,0
574009,Genetic_Algorithms,1
574264,Genetic_Algorithms,2
574462,Genetic_Algorithms,0
574710,Genetic_Algorithms,0
575077,Genetic_Algorithms,8
575292,Genetic_Algorithms,2
575331,Genetic_Algorithms,0
575402,Genetic_Algorithms,1
575795,Genetic_Algorithms,2
576257,Genetic_Algorithms,2
576362,Genetic_Algorithms,3
576691,Genetic_Algorithms,1
576725,Genetic_Algorithms,1
576795,Genetic_Algorithms,1
576973,Genetic_Algorithms,2
577086,Genetic_Algorithms,0
577227,Genetic_Algorithms,1
577331,Genetic_Algorithms,1
578306,Neural_Networks,1
578309,Neural_Networks,1
578337,Neural_Networks,5
578347,Neural_Networks,1
578365,Neural_Networks,2
578645,Genetic_Algorithms,0
578646,Genetic_Algorithms,6
578649,Genetic_Algorithms,0
578650,Genetic_Algorithms,3
578669,Genetic_Algorithms,2
578780,Genetic_Algorithms,0
578845,Genetic_Algorithms,4
578898,Genetic_Algorithms,1
579008,Genetic_Algorithms,5
579108,Genetic_Algorithms,1
582139,Neural_Networks,2
582343,Theory,1
582349,Neural_Networks,1
582511,Theory,1
583318,Genetic_Algorithms,0
589923,Probabilistic_Methods,1
590022,Probabilistic_Methods,0
591016,Rule_Learning,2
591017,Rule_Learning,1
592826,Rule_Learning,1
592830,Rule_Learning,1
592973,Genetic_Algorithms,2
592975,Genetic_Algorithms,1
592986,Genetic_Algorithms,1
592993,Genetic_Algorithms,3
592996,Genetic_Algorithms,2
593022,Genetic_Algorithms,1
593060,Genetic_Algorithms,1
593068,Genetic_Algorithms,0
593091,Genetic_Algorithms,1
593104,Genetic_Algorithms,3
593105,Genetic_Algorithms,0
593155,Genetic_Algorithms,1
593201,Genetic_Algorithms,1
593209,Genetic_Algorithms,1
593210,Genetic_Algorithms,0
593240,Genetic_Algorithms,2
593248,Genetic_Algorithms,0
593260,Genetic_Algorithms,0
593328,Genetic_Algorithms,1
593329,Genetic_Algorithms,1
593544,Genetic_Algorithms,1
593559,Genetic_Algorithms,1
593560,Genetic_Algorithms,1
593813,Genetic_Algorithms,0
593859,Genetic_Algorithms,0
593921,Genetic_Algorithms,0
593942,Genetic_Algorithms,2
594011,Genetic_Algorithms,2
594025,Genetic_Algorithms,0
594039,Genetic_Algorithms,1
594047,Genetic_Algorithms,2
594119,Genetic_Algorithms,1
594387,Genetic_Algorithms,0
594483,Genetic_Algorithms,1
594511,Genetic_Algorithms,2
594543,Genetic_Algorithms,0
594649,Genetic_Algorithms,0
594900,Genetic_Algorithms,0
595056,Genetic_Algorithms,0
595063,Genetic_Algorithms,0
595157,Genetic_Algorithms,0
595193,Genetic_Algorithms,0
596075,Case_Based,0
601462,Genetic_Algorithms,3
601561,Rule_Learning,0
601567,Rule_Learning,0
604073,Neural_Networks,1
606479,Genetic_Algorithms,1
606647,Genetic_Algorithms,0
608190,Genetic_Algorithms,2
608191,Genetic_Algorithms,1
608292,Genetic_Algorithms,0
608326,Genetic_Algorithms,2
610529,Neural_Networks,1
612306,Rule_Learning,2
613409,Probabilistic_Methods,1
616336,Rule_Learning,1
617378,Neural_Networks,1
617575,Neural_Networks,1
621555,Neural_Networks,1
626530,Probabilistic_Methods,4
626531,Probabilistic_Methods,2
626574,Probabilistic_Methods,1
626999,Neural_Networks,2
627024,Neural_Networks,1
628458,Neural_Networks,1
628459,Neural_Networks,0
628500,Reinforcement_Learning,2
628667,Reinforcement_Learning,1
628668,Reinforcement_Learning,0
628751,Neural_Networks,2
628764,Neural_Networks,0
628766,Neural_Networks,0
628815,Reinforcement_Learning,1
628888,Neural_Networks,1
630817,Neural_Networks,1
630890,Neural_Networks,1
631015,Neural_Networks,2
631052,Neural_Networks,0
632796,Probabilistic_Methods,1
632874,Probabilistic_Methods,1
632935,Probabilistic_Methods,0
633030,Probabilistic_Methods,1
633031,Probabilistic_Methods,1
633081,Probabilistic_Methods,5
633585,Probabilistic_Methods,3
633721,Probabilistic_Methods,1
634902,Genetic_Algorithms,1
634904,Genetic_Algorithms,1
634938,Genetic_Algorithms,1
634975,Genetic_Algorithms,0
636098,Theory,0
636500,Theory,0
636511,Neural_Networks,0
640617,Genetic_Algorithms,1
641956,Neural_Networks,2
641976,Neural_Networks,3
642593,Neural_Networks,1
642621,Probabilistic_Methods,3
642641,Probabilistic_Methods,1
642681,Probabilistic_Methods,6
642798,Probabilistic_Methods,2
642827,Probabilistic_Methods,0
642847,Probabilistic_Methods,1
642894,Probabilistic_Methods,13
642920,Neural_Networks,2
642930,Neural_Networks,1
643003,Probabilistic_Methods,1
643069,Probabilistic_Methods,1
643199,Genetic_Algorithms,1
643221,Probabilistic_Methods,16
643239,Probabilistic_Methods,6
643485,Probabilistic_Methods,1
643597,Probabilistic_Methods,0
643695,Probabilistic_Methods,2
643734,Neural_Networks,1
643735,Neural_Networks,1
643777,Neural_Networks,0
644093,Probabilistic_Methods,1
644334,Probabilistic_Methods,0
644361,Probabilistic_Methods,1
644363,Probabilistic_Methods,1
644427,Probabilistic_Methods,2
644441,Probabilistic_Methods,2
644448,Probabilistic_Methods,4
644470,Probabilistic_Methods,0
644494,Probabilistic_Methods,2
644577,Probabilistic_Methods,5
644843,Probabilistic_Methods,2
645016,Probabilistic_Methods,1
645046,Probabilistic_Methods,3
645084,Probabilistic_Methods,1
645088,Probabilistic_Methods,2
645452,Probabilistic_Methods,1
645571,Probabilistic_Methods,1
645870,Probabilistic_Methods,2
645897,Probabilistic_Methods,1
646195,Probabilistic_Methods,0
646286,Probabilistic_Methods,1
646289,Probabilistic_Methods,1
646334,Probabilistic_Methods,1
646357,Probabilistic_Methods,1
646412,Probabilistic_Methods,1
646440,Probabilistic_Methods,0
646809,Genetic_Algorithms,3
646836,Genetic_Algorithms,0
646837,Genetic_Algorithms,0
646900,Genetic_Algorithms,4
646913,Genetic_Algorithms,2
647315,Genetic_Algorithms,1
647408,Genetic_Algorithms,0
647413,Genetic_Algorithms,0
647447,Genetic_Algorithms,1
648106,Neural_Networks,2
648112,Neural_Networks,4
648121,Neural_Networks,2
648232,Neural_Networks,1
648369,Neural_Networks,1
649730,Neural_Networks,1
649731,Neural_Networks,2
649739,Neural_Networks,1
649944,Rule_Learning,0
650807,Genetic_Algorithms,2
650814,Genetic_Algorithms,1
650834,Genetic_Algorithms,0
653441,Probabilistic_Methods,2
653628,Rule_Learning,1
654177,Case_Based,1
654326,Genetic_Algorithms,2
654339,Genetic_Algorithms,2
654519,Genetic_Algorithms,1
656048,Case_Based,1
656231,Case_Based,1
662250,Neural_Networks,1
662279,Neural_Networks,0
662416,Probabilistic_Methods,1
662572,Neural_Networks,1
671052,Neural_Networks,1
671269,Neural_Networks,5
671293,Probabilistic_Methods,1
672064,Neural_Networks,1
672070,Neural_Networks,5
672071,Neural_Networks,4
675649,Neural_Networks,1
675756,Neural_Networks,2
675847,Neural_Networks,1
682508,Probabilistic_Methods,1
682666,Reinforcement_Learning,0
682815,Genetic_Algorithms,0
683294,Probabilistic_Methods,2
683355,Probabilistic_Methods,1
683360,Probabilistic_Methods,1
683404,Probabilistic_Methods,1
684372,Neural_Networks,0
684531,Neural_Networks,1
684972,Probabilistic_Methods,1
684986,Neural_Networks,2
686015,Neural_Networks,0
686030,Neural_Networks,0
686061,Theory,0
686532,Neural_Networks,0
686559,Neural_Networks,0
687401,Neural_Networks,1
688361,Neural_Networks,0
688824,Neural_Networks,1
688849,Neural_Networks,1
689152,Neural_Networks,1
689439,Rule_Learning,0
693143,Theory,2
694759,Genetic_Algorithms,0
695284,Theory,0
696342,Neural_Networks,0
696343,Neural_Networks,1
696345,Neural_Networks,4
696346,Neural_Networks,0
703953,Probabilistic_Methods,0
708945,Neural_Networks,0
709113,Rule_Learning,1
709518,Neural_Networks,1
711527,Theory,0
711598,Theory,0
711994,Neural_Networks,1
714208,Probabilistic_Methods,1
714256,Probabilistic_Methods,5
714260,Probabilistic_Methods,2
714289,Probabilistic_Methods,5
714748,Probabilistic_Methods,0
714879,Probabilistic_Methods,0
714975,Probabilistic_Methods,0
733167,Neural_Networks,1
733534,Neural_Networks,2
733576,Neural_Networks,1
734406,Neural_Networks,1
735303,Genetic_Algorithms,1
735311,Neural_Networks,0
737204,Neural_Networks,0
738941,Neural_Networks,2
739280,Neural_Networks,2
739707,Neural_Networks,1
739816,Neural_Networks,3
746058,Neural_Networks,1
751408,Neural_Networks,1
752684,Neural_Networks,1
753047,Theory,6
753070,Theory,3
753264,Theory,2
753265,Neural_Networks,1
754594,Neural_Networks,1
755082,Probabilistic_Methods,1
755217,Reinforcement_Learning,0
756061,Neural_Networks,3
762980,Neural_Networks,2
763009,Neural_Networks,3
763010,Neural_Networks,4
763181,Neural_Networks,0
767763,Theory,1
779960,Neural_Networks,1
782486,Neural_Networks,0
785678,Genetic_Algorithms,0
787016,Genetic_Algorithms,1
801170,Genetic_Algorithms,0
814836,Rule_Learning,1
815073,Neural_Networks,1
815096,Neural_Networks,1
817774,Neural_Networks,1
820661,Neural_Networks,0
820662,Theory,0
824245,Neural_Networks,1
851968,Neural_Networks,1
853114,Neural_Networks,3
853115,Neural_Networks,4
853116,Neural_Networks,2
853118,Neural_Networks,1
853150,Neural_Networks,0
853155,Neural_Networks,1
854434,Neural_Networks,0
884094,Probabilistic_Methods,0
892139,Reinforcement_Learning,0
899085,Rule_Learning,0
899119,Rule_Learning,0
907845,Neural_Networks,0
911198,Neural_Networks,0
917493,Neural_Networks,0
919885,Neural_Networks,0
928873,Neural_Networks,0
943087,Theory,0
948147,Neural_Networks,0
948299,Neural_Networks,0
948846,Neural_Networks,0
949217,Neural_Networks,0
949318,Neural_Networks,0
949511,Neural_Networks,0
950052,Neural_Networks,0
950305,Neural_Networks,0
950986,Neural_Networks,0
954315,Rule_Learning,1
964248,Probabilistic_Methods,0
975567,Genetic_Algorithms,0
976284,Theory,0
976334,Reinforcement_Learning,0
987188,Neural_Networks,0
987197,Theory,0
989397,Theory,0
990075,Case_Based,0
1000012,Rule_Learning,0
1022969,Case_Based,0
1031453,Neural_Networks,0
1050679,Genetic_Algorithms,0
1059953,Theory,0
1061127,Rule_Learning,0
1063773,Neural_Networks,0
1071981,Reinforcement_Learning,0
1095507,Probabilistic_Methods,0
1102364,Probabilistic_Methods,0
1102400,Theory,0
1102407,Neural_Networks,0
1102442,Theory,0
1102548,Case_Based,0
1102550,Genetic_Algorithms,0
1102567,Case_Based,0
1102625,Case_Based,0
1102646,Neural_Networks,0
1102751,Theory,0
1102761,Case_Based,0
1102794,Rule_Learning,0
1102850,Neural_Networks,0
1102873,Neural_Networks,0
1103016,Neural_Networks,0
1103031,Probabilistic_Methods,0
1103038,Case_Based,0
1103162,Reinforcement_Learning,0
1103315,Reinforcement_Learning,0
1103383,Genetic_Algorithms,0
1103394,Case_Based,0
1103499,Probabilistic_Methods,0
1103610,Theory,0
1103676,Neural_Networks,0
1103737,Theory,0
1103960,Genetic_Algorithms,0
1103969,Probabilistic_Methods,0
1103979,Neural_Networks,0
1103985,Genetic_Algorithms,0
1104007,Theory,0
1104031,Case_Based,0
1104055,Theory,0
1104182,Reinforcement_Learning,0
1104191,Neural_Networks,0
1104258,Neural_Networks,0
1104261,Theory,0
1104300,Probabilistic_Methods,0
1104379,Neural_Networks,0
1104435,Probabilistic_Methods,0
1104449,Neural_Networks,0
1104495,Neural_Networks,0
1104647,Genetic_Algorithms,0
1104749,Genetic_Algorithms,0
1104769,Probabilistic_Methods,0
1104787,Neural_Networks,0
1104809,Neural_Networks,0
1104851,Theory,0
1104946,Theory,0
1104999,Genetic_Algorithms,0
1105011,Probabilistic_Methods,0
1105033,Reinforcement_Learning,0
1105062,Reinforcement_Learning,0
1105116,Probabilistic_Methods,0
1105148,Reinforcement_Learning,0
1105221,Genetic_Algorithms,0
1105231,Genetic_Algorithms,0
1105344,Neural_Networks,0
1105360,Rule_Learning,0
1105394,Reinforcement_Learning,0
1105428,Rule_Learning,0
1105433,Probabilistic_Methods,0
1105450,Theory,0
1105505,Neural_Networks,0
1105530,Neural_Networks,0
1105531,Probabilistic_Methods,0
1105574,Neural_Networks,0
1105603,Neural_Networks,0
1105622,Neural_Networks,0
1105672,Neural_Networks,0
1105698,Probabilistic_Methods,0
1105718,Neural_Networks,0
1105764,Reinforcement_Learning,0
1105810,Case_Based,0
1105877,Probabilistic_Methods,0
1105887,Rule_Learning,0
1105932,Rule_Learning,0
1106052,Case_Based,0
1106103,Case_Based,0
1106112,Reinforcement_Learning,0
1106172,Reinforcement_Learning,0
1106236,Case_Based,0
1106287,Neural_Networks,0
1106298,Theory,0
1106330,Case_Based,0
1106370,Neural_Networks,0
1106388,Rule_Learning,0
1106401,Theory,0
1106406,Reinforcement_Learning,0
1106418,Theory,0
1106492,Rule_Learning,0
1106546,Probabilistic_Methods,0
1106547,Reinforcement_Learning,0
1106568,Neural_Networks,0
1106630,Neural_Networks,0
1106671,Neural_Networks,0
1106764,Rule_Learning,0
1106771,Neural_Networks,0
1106789,Probabilistic_Methods,0
1106849,Neural_Networks,0
1106854,Neural_Networks,0
1106966,Reinforcement_Learning,0
1107010,Case_Based,0
1107041,Case_Based,0
1107062,Genetic_Algorithms,0
1107067,Case_Based,0
1107095,Rule_Learning,0
1107136,Genetic_Algorithms,0
1107140,Theory,0
1107171,Case_Based,0
1107215,Case_Based,0
1107312,Reinforcement_Learning,0
1107319,Theory,0
1107325,Case_Based,0
1107355,Reinforcement_Learning,0
1107367,Case_Based,0
1107385,Neural_Networks,0
1107418,Genetic_Algorithms,0
1107455,Reinforcement_Learning,0
1107558,Probabilistic_Methods,0
1107567,Theory,0
1107572,Theory,0
1107674,Genetic_Algorithms,0
1107728,Neural_Networks,0
1107808,Neural_Networks,0
1107861,Theory,0
1108050,Neural_Networks,0
1108167,Theory,0
1108169,Neural_Networks,0
1108175,Neural_Networks,0
1108209,Genetic_Algorithms,0
1108258,Case_Based,0
1108267,Case_Based,0
1108329,Case_Based,0
1108363,Case_Based,0
1108389,Probabilistic_Methods,0
1108551,Theory,0
1108570,Theory,0
1108597,Case_Based,0
1108656,Case_Based,0
1108728,Rule_Learning,0
1108834,Neural_Networks,0
1108841,Neural_Networks,0
1109017,Genetic_Algorithms,0
1109185,Neural_Networks,0
1109199,Genetic_Algorithms,0
1109208,Genetic_Algorithms,0
1109392,Neural_Networks,0
1109439,Neural_Networks,0
1109542,Probabilistic_Methods,0
1109566,Theory,0
1109581,Probabilistic_Methods,0
1109830,Neural_Networks,0
1109873,Neural_Networks,0
1109891,Neural_Networks,0
1109957,Reinforcement_Learning,0
1110000,Probabilistic_Methods,0
1110024,Case_Based,0
1110028,Theory,0
1110209,Probabilistic_Methods,0
1110256,Theory,0
1110390,Case_Based,0
1110426,Rule_Learning,0
1110438,Neural_Networks,0
1110494,Neural_Networks,0
1110515,Genetic_Algorithms,0
1110520,Neural_Networks,0
1110531,Case_Based,0
1110546,Genetic_Algorithms,0
1110563,Neural_Networks,0
1110579,Case_Based,0
1110628,Probabilistic_Methods,0
1110768,Neural_Networks,0
1110947,Case_Based,0
1110950,Case_Based,0
1110998,Neural_Networks,0
1111052,Reinforcement_Learning,0
1111186,Neural_Networks,0
1111230,Reinforcement_Learning,0
1111240,Neural_Networks,0
1111265,Neural_Networks,0
1111304,Reinforcement_Learning,0
1111614,Case_Based,0
1111733,Neural_Networks,0
1111788,Theory,0
1111899,Case_Based,0
1111978,Probabilistic_Methods,0
1112026,Neural_Networks,0
1112071,Probabilistic_Methods,0
1112075,Neural_Networks,0
1112099,Theory,0
1112106,Neural_Networks,0
1112194,Neural_Networks,0
1112319,Theory,0
1112369,Neural_Networks,0
1112417,Probabilistic_Methods,0
1112426,Neural_Networks,0
1112574,Theory,0
1112650,Probabilistic_Methods,0
1112665,Neural_Networks,0
1112686,Probabilistic_Methods,0
1112723,Neural_Networks,0
1112767,Neural_Networks,0
1112911,Genetic_Algorithms,0
1112929,Neural_Networks,0
1113035,Neural_Networks,0
1113084,Neural_Networks,0
1113182,Reinforcement_Learning,0
1113438,Genetic_Algorithms,0
1113459,Reinforcement_Learning,0
1113534,Neural_Networks,0
1113541,Neural_Networks,0
1113551,Case_Based,0
1113614,Reinforcement_Learning,0
1113739,Reinforcement_Learning,0
1113742,Genetic_Algorithms,0
1113828,Neural_Networks,0
1113831,Genetic_Algorithms,0
1113852,Theory,0
1113926,Neural_Networks,0
1113934,Case_Based,0
1113995,Neural_Networks,0
1114118,Neural_Networks,0
1114125,Reinforcement_Learning,0
1114153,Neural_Networks,0
1114184,Neural_Networks,0
1114192,Neural_Networks,0
1114222,Probabilistic_Methods,0
1114239,Genetic_Algorithms,0
1114331,Genetic_Algorithms,0
1114336,Case_Based,0
1114352,Neural_Networks,0
1114364,Neural_Networks,0
1114388,Theory,0
1114398,Neural_Networks,0
1114442,Genetic_Algorithms,0
1114502,Genetic_Algorithms,0
1114512,Rule_Learning,0
1114526,Theory,0
1114605,Neural_Networks,0
1114629,Reinforcement_Learning,0
1114664,Case_Based,0
1114777,Case_Based,0
1114838,Theory,0
1114864,Case_Based,0
1114992,Neural_Networks,0
1115166,Case_Based,0
1115291,Probabilistic_Methods,0
1115375,Neural_Networks,0
1115456,Neural_Networks,0
1115471,Rule_Learning,0
1115670,Rule_Learning,0
1115677,Neural_Networks,0
1115701,Probabilistic_Methods,0
1115790,Neural_Networks,0
1115886,Reinforcement_Learning,0
1115959,Neural_Networks,0
1116044,Probabilistic_Methods,0
1116146,Case_Based,0
1116181,Theory,0
1116268,Theory,0
1116328,Neural_Networks,0
1116336,Probabilistic_Methods,0
1116347,Reinforcement_Learning,0
1116397,Case_Based,0
1116410,Case_Based,0
1116530,Probabilistic_Methods,0
1116569,Neural_Networks,0
1116594,Neural_Networks,0
1116629,Neural_Networks,0
1116835,Neural_Networks,0
1116839,Case_Based,0
1116842,Theory,0
1116922,Rule_Learning,0
1116974,Neural_Networks,0
1117049,Genetic_Algorithms,0
1117089,Reinforcement_Learning,0
1117184,Case_Based,0
1117219,Neural_Networks,0
1117249,Theory,0
1117348,Neural_Networks,0
1117476,Genetic_Algorithms,0
1117501,Neural_Networks,0
1117618,Theory,0
1117653,Neural_Networks,0
1117760,Reinforcement_Learning,0
1117786,Rule_Learning,0
1117833,Case_Based,0
1117920,Probabilistic_Methods,0
1117942,Reinforcement_Learning,0
1118017,Neural_Networks,0
1118083,Neural_Networks,0
1118092,Reinforcement_Learning,0
1118120,Neural_Networks,0
1118209,Theory,0
1118245,Reinforcement_Learning,0
1118286,Rule_Learning,0
1118302,Rule_Learning,0
1118332,Neural_Networks,0
1118347,Neural_Networks,0
1118388,Case_Based,0
1118546,Probabilistic_Methods,0
1118658,Theory,0
1118764,Theory,0
1118823,Theory,0
1118848,Neural_Networks,0
1119004,Neural_Networks,0
1119078,Theory,0
1119140,Neural_Networks,0
1119178,Case_Based,0
1119180,Case_Based,0
1119211,Neural_Networks,0
1119216,Probabilistic_Methods,0
1119295,Rule_Learning,0
1119471,Theory,0
1119505,Genetic_Algorithms,0
1119623,Probabilistic_Methods,0
1119654,Case_Based,0
1119671,Neural_Networks,0
1119708,Genetic_Algorithms,0
1119742,Probabilistic_Methods,0
1119751,Theory,0
1119987,Case_Based,0
1120019,Neural_Networks,0
1120020,Reinforcement_Learning,0
1120049,Neural_Networks,0
1120059,Neural_Networks,0
1120084,Neural_Networks,0
1120138,Neural_Networks,0
1120169,Theory,0
1120170,Reinforcement_Learning,0
1120197,Neural_Networks,0
1120211,Neural_Networks,0
1120252,Probabilistic_Methods,0
1120431,Neural_Networks,0
1120444,Case_Based,0
1120563,Case_Based,0
1120643,Genetic_Algorithms,0
1120650,Rule_Learning,0
1120713,Case_Based,0
1120731,Reinforcement_Learning,0
1120777,Neural_Networks,0
1120786,Neural_Networks,0
1120858,Neural_Networks,0
1120866,Neural_Networks,0
1120880,Neural_Networks,0
1120962,Neural_Networks,0
1121057,Case_Based,0
1121063,Theory,0
1121176,Case_Based,0
1121254,Probabilistic_Methods,0
1121313,Case_Based,0
1121398,Genetic_Algorithms,0
1121459,Case_Based,0
1121537,Theory,0
1121569,Neural_Networks,0
1121603,Neural_Networks,0
1121659,Probabilistic_Methods,0
1121739,Reinforcement_Learning,0
1121867,Theory,0
1122304,Neural_Networks,0
1122425,Reinforcement_Learning,0
1122460,Neural_Networks,0
1122574,Neural_Networks,0
1122580,Theory,0
1122642,Neural_Networks,0
1122704,Neural_Networks,0
1123068,Probabilistic_Methods,0
1123087,Neural_Networks,0
1123093,Rule_Learning,0
1123188,Neural_Networks,0
1123215,Theory,0
1123239,Neural_Networks,0
1123493,Theory,0
1123530,Genetic_Algorithms,0
1123553,Reinforcement_Learning,0
1123576,Neural_Networks,0
1123689,Probabilistic_Methods,0
1123756,Genetic_Algorithms,0
1123867,Theory,0
1123926,Theory,0
1123991,Probabilistic_Methods,0
1124837,Probabilistic_Methods,0
1124844,Neural_Networks,0
1125082,Genetic_Algorithms,0
1125092,Reinforcement_Learning,0
1125258,Neural_Networks,0
1125386,Theory,0
1125393,Case_Based,0
1125402,Probabilistic_Methods,0
1125467,Probabilistic_Methods,0
1125469,Probabilistic_Methods,0
1125492,Genetic_Algorithms,0
1125597,Genetic_Algorithms,0
1125895,Reinforcement_Learning,0
1125906,Probabilistic_Methods,0
1125909,Probabilistic_Methods,0
1125944,Case_Based,0
1125953,Rule_Learning,0
1125992,Case_Based,0
1125993,Case_Based,0
1126011,Probabilistic_Methods,0
1126012,Probabilistic_Methods,0
1126029,Reinforcement_Learning,0
1126037,Neural_Networks,0
1126044,Neural_Networks,0
1126050,Reinforcement_Learning,0
1126315,Neural_Networks,0
1126350,Theory,0
1126503,Case_Based,0
1127430,Genetic_Algorithms,0
1127530,Probabilistic_Methods,0
1127541,Neural_Networks,0
1127551,Probabilistic_Methods,0
1127558,Probabilistic_Methods,0
1127566,Probabilistic_Methods,0
1127619,Rule_Learning,0
1127657,Theory,0
1127810,Neural_Networks,0
1127812,Neural_Networks,0
1127851,Rule_Learning,0
1127863,Rule_Learning,0
1127913,Genetic_Algorithms,0
1128151,Genetic_Algorithms,0
1128198,Genetic_Algorithms,0
1128201,Genetic_Algorithms,0
1128204,Genetic_Algorithms,0
1128208,Genetic_Algorithms,0
1128227,Genetic_Algorithms,0
1128256,Theory,0
1128267,Reinforcement_Learning,0
1128291,Genetic_Algorithms,0
1128314,Genetic_Algorithms,0
1128319,Genetic_Algorithms,0
1128369,Genetic_Algorithms,0
1128407,Case_Based,0
1128425,Neural_Networks,0
1128430,Case_Based,0
1128437,Theory,0
1128453,Genetic_Algorithms,0
1128531,Rule_Learning,0
1128536,Theory,0
1128542,Neural_Networks,0
1128839,Neural_Networks,0
1128846,Neural_Networks,0
1128853,Rule_Learning,0
1128856,Rule_Learning,0
1128868,Neural_Networks,0
1128881,Rule_Learning,0
1128927,Rule_Learning,0
1128935,Rule_Learning,0
1128943,Genetic_Algorithms,0
1128945,Genetic_Algorithms,0
1128946,Genetic_Algorithms,0
1128959,Genetic_Algorithms,0
1128974,Genetic_Algorithms,0
1128975,Genetic_Algorithms,0
1128977,Genetic_Algorithms,0
1128978,Genetic_Algorithms,0
1128982,Genetic_Algorithms,0
1128985,Genetic_Algorithms,0
1128990,Genetic_Algorithms,0
1128997,Genetic_Algorithms,0
1129015,Genetic_Algorithms,0
1129018,Genetic_Algorithms,0
1129021,Genetic_Algorithms,0
1129027,Genetic_Algorithms,0
1129040,Genetic_Algorithms,0
1129096,Reinforcement_Learning,0
1129106,Case_Based,0
1129111,Neural_Networks,0
1129208,Theory,0
1129243,Reinforcement_Learning,0
1129367,Genetic_Algorithms,0
1129368,Genetic_Algorithms,0
1129369,Genetic_Algorithms,0
1129442,Neural_Networks,0
1129443,Neural_Networks,0
1129494,Neural_Networks,0
1129518,Probabilistic_Methods,0
1129570,Genetic_Algorithms,0
1129572,Neural_Networks,0
1129573,Genetic_Algorithms,0
1129608,Neural_Networks,0
1129610,Genetic_Algorithms,0
1129621,Neural_Networks,0
1129629,Genetic_Algorithms,0
1129683,Genetic_Algorithms,0
1129778,Genetic_Algorithms,0
1129798,Genetic_Algorithms,0
1129835,Rule_Learning,0
1129907,Probabilistic_Methods,0
1129994,Probabilistic_Methods,0
1130069,Neural_Networks,0
1130080,Neural_Networks,0
1130243,Probabilistic_Methods,0
1130356,Theory,0
1130454,Probabilistic_Methods,0
1130539,Case_Based,0
1130567,Reinforcement_Learning,0
1130568,Neural_Networks,0
1130586,Neural_Networks,0
1130600,Reinforcement_Learning,0
1130634,Neural_Networks,0
1130637,Case_Based,0
1130653,Case_Based,0
1130657,Case_Based,0
1130676,Neural_Networks,0
1130678,Neural_Networks,0
1130680,Neural_Networks,0
1130780,Probabilistic_Methods,0
1130808,Neural_Networks,0
1130847,Genetic_Algorithms,0
1130856,Genetic_Algorithms,0
1130915,Neural_Networks,0
1130927,Neural_Networks,0
1130929,Neural_Networks,0
1130931,Neural_Networks,0
1130934,Neural_Networks,0
1131116,Genetic_Algorithms,0
1131137,Probabilistic_Methods,0
1131149,Neural_Networks,0
1131150,Neural_Networks,0
1131163,Neural_Networks,0
1131164,Probabilistic_Methods,0
1131165,Probabilistic_Methods,0
1131167,Probabilistic_Methods,0
1131172,Probabilistic_Methods,0
1131180,Probabilistic_Methods,0
1131184,Neural_Networks,0
1131189,Probabilistic_Methods,0
1131192,Probabilistic_Methods,0
1131195,Neural_Networks,0
1131198,Genetic_Algorithms,0
1131223,Probabilistic_Methods,0
1131230,Probabilistic_Methods,0
1131236,Probabilistic_Methods,0
1131257,Probabilistic_Methods,0
1131258,Probabilistic_Methods,0
1131266,Probabilistic_Methods,0
1131267,Probabilistic_Methods,0
1131270,Probabilistic_Methods,0
1131274,Probabilistic_Methods,0
1131277,Probabilistic_Methods,0
1131300,Probabilistic_Methods,0
1131301,Probabilistic_Methods,0
1131305,Probabilistic_Methods,0
1131312,Probabilistic_Methods,0
1131314,Probabilistic_Methods,0
1131330,Probabilistic_Methods,0
1131334,Probabilistic_Methods,0
1131335,Probabilistic_Methods,0
1131345,Neural_Networks,0
1131348,Neural_Networks,0
1131359,Genetic_Algorithms,0
1131360,Genetic_Algorithms,0
1131374,Genetic_Algorithms,0
1131414,Neural_Networks,0
1131420,Neural_Networks,0
1131421,Neural_Networks,0
1131464,Neural_Networks,0
1131466,Probabilistic_Methods,0
1131471,Case_Based,0
1131549,Genetic_Algorithms,0
1131550,Genetic_Algorithms,0
1131557,Genetic_Algorithms,0
1131565,Neural_Networks,0
1131607,Probabilistic_Methods,0
1131611,Theory,0
1131634,Neural_Networks,0
1131639,Neural_Networks,0
1131647,Neural_Networks,0
1131719,Rule_Learning,0
1131728,Case_Based,0
1131734,Genetic_Algorithms,0
1131741,Genetic_Algorithms,0
1131745,Neural_Networks,0
1131748,Neural_Networks,0
1131752,Genetic_Algorithms,0
1131754,Genetic_Algorithms,0
1131828,Case_Based,0
1132073,Neural_Networks,0
1132083,Neural_Networks,0
1132157,Probabilistic_Methods,0
1132285,Theory,0
1132385,Theory,0
1132406,Neural_Networks,0
1132416,Neural_Networks,0
1132418,Neural_Networks,0
1132434,Neural_Networks,0
1132443,Neural_Networks,0
1132459,Neural_Networks,0
1132461,Neural_Networks,0
1132486,Neural_Networks,0
1132505,Neural_Networks,0
1132706,Case_Based,0
1132731,Genetic_Algorithms,0
1132809,Rule_Learning,0
1132815,Neural_Networks,0
1132857,Probabilistic_Methods,0
1132864,Probabilistic_Methods,0
1132887,Probabilistic_Methods,0
1132922,Neural_Networks,0
1132948,Neural_Networks,0
1132968,Neural_Networks,0
1133004,Neural_Networks,0
1133008,Neural_Networks,0
1133010,Probabilistic_Methods,0
1133028,Theory,0
1133047,Genetic_Algorithms,0
1133196,Genetic_Algorithms,0
1133338,Genetic_Algorithms,0
1133390,Theory,0
1133417,Probabilistic_Methods,0
1133428,Neural_Networks,0
1133469,Reinforcement_Learning,0
1133846,Neural_Networks,0
1133930,Rule_Learning,0
1134022,Genetic_Algorithms,0
1134031,Rule_Learning,0
1134056,Neural_Networks,0
1134197,Neural_Networks,0
1134320,Probabilistic_Methods,0
1134346,Probabilistic_Methods,0
1134348,Probabilistic_Methods,0
1134865,Genetic_Algorithms,0
1135082,Neural_Networks,0
1135108,Probabilistic_Methods,0
1135115,Neural_Networks,0
1135122,Neural_Networks,0
1135125,Neural_Networks,0
1135137,Neural_Networks,0
1135345,Neural_Networks,0
1135358,Theory,0
1135368,Neural_Networks,0
1135455,Neural_Networks,0
1135589,Neural_Networks,0
1135746,Theory,0
1135750,Neural_Networks,0
1135894,Neural_Networks,0
1135899,Neural_Networks,0
1135955,Neural_Networks,0
1136040,Neural_Networks,0
1136110,Neural_Networks,0
1136310,Probabilistic_Methods,0
1136342,Genetic_Algorithms,0
1136393,Neural_Networks,0
1136397,Neural_Networks,0
1136422,Neural_Networks,0
1136442,Neural_Networks,0
1136446,Neural_Networks,0
1136447,Neural_Networks,0
1136449,Neural_Networks,0
1136631,Theory,0
1136634,Theory,0
1136791,Genetic_Algorithms,0
1136814,Genetic_Algorithms,0
1137140,Neural_Networks,0
1137466,Genetic_Algorithms,0
1138027,Case_Based,0
1138043,Theory,0
1138091,Case_Based,0
1138619,Rule_Learning,0
1138755,Neural_Networks,0
1138968,Genetic_Algorithms,0
1138970,Theory,0
1139009,Neural_Networks,0
1139195,Case_Based,0
1139928,Theory,0
1140040,Neural_Networks,0
1140230,Neural_Networks,0
1140231,Neural_Networks,0
1140289,Neural_Networks,0
1140543,Neural_Networks,0
1140547,Neural_Networks,0
1140548,Neural_Networks,0
1152075,Theory,0
1152143,Theory,0
1152150,Neural_Networks,0
1152162,Neural_Networks,0
1152179,Neural_Networks,0
1152194,Neural_Networks,0
1152244,Case_Based,0
1152259,Probabilistic_Methods,0
1152272,Neural_Networks,0
1152277,Neural_Networks,0
1152290,Theory,0
1152307,Case_Based,0
1152308,Case_Based,0
1152358,Genetic_Algorithms,0
1152379,Theory,0
1152394,Neural_Networks,0
1152421,Genetic_Algorithms,0
1152436,Case_Based,0
1152448,Case_Based,0
1152490,Neural_Networks,0
1152508,Genetic_Algorithms,0
1152564,Case_Based,0
1152569,Genetic_Algorithms,0
1152633,Probabilistic_Methods,0
1152663,Reinforcement_Learning,0
1152673,Neural_Networks,0
1152676,Genetic_Algorithms,0
1152711,Neural_Networks,0
1152714,Neural_Networks,0
1152740,Reinforcement_Learning,0
1152761,Genetic_Algorithms,0
1152821,Neural_Networks,0
1152858,Probabilistic_Methods,0
1152859,Neural_Networks,0
1152896,Case_Based,0
1152904,Neural_Networks,0
1152910,Reinforcement_Learning,0
1152917,Probabilistic_Methods,0
1152944,Reinforcement_Learning,0
1152958,Neural_Networks,0
1152959,Neural_Networks,0
1152975,Case_Based,0
1152991,Probabilistic_Methods,0
1153003,Neural_Networks,0
1153014,Probabilistic_Methods,0
1153024,Probabilistic_Methods,0
1153031,Neural_Networks,0
1153056,Reinforcement_Learning,0
1153064,Theory,0
1153065,Genetic_Algorithms,0
1153091,Rule_Learning,0
1153097,Neural_Networks,0
1153101,Rule_Learning,0
1153106,Neural_Networks,0
1153148,Probabilistic_Methods,0
1153150,Rule_Learning,0
1153160,Theory,0
1153166,Case_Based,0
1153169,Rule_Learning,0
1153183,Theory,0
1153195,Neural_Networks,0
1153254,Rule_Learning,0
1153262,Probabilistic_Methods,0
1153264,Theory,0
1153275,Theory,0
1153280,Genetic_Algorithms,0
1153287,Reinforcement_Learning,0
1153577,Genetic_Algorithms,0
1153703,Case_Based,0
1153724,Case_Based,0
1153728,Case_Based,0
1153736,Theory,0
1153784,Genetic_Algorithms,0
1153786,Probabilistic_Methods,0
1153811,Rule_Learning,0
1153816,Genetic_Algorithms,0
1153853,Genetic_Algorithms,0
1153860,Genetic_Algorithms,0
1153861,Neural_Networks,0
1153866,Rule_Learning,0
1153877,Case_Based,0
1153879,Case_Based,0
1153889,Case_Based,0
1153891,Case_Based,0
1153896,Genetic_Algorithms,0
1153897,Genetic_Algorithms,0
1153899,Genetic_Algorithms,0
1153900,Genetic_Algorithms,0
1153922,Neural_Networks,0
1153933,Neural_Networks,0
1153942,Genetic_Algorithms,0
1153943,Genetic_Algorithms,0
1153945,Genetic_Algorithms,0
1153946,Neural_Networks,0
1154012,Probabilistic_Methods,0
1154042,Neural_Networks,0
1154068,Probabilistic_Methods,0
1154071,Probabilistic_Methods,0
1154074,Neural_Networks,0
1154076,Genetic_Algorithms,0
1154103,Probabilistic_Methods,0
1154123,Neural_Networks,0
1154124,Neural_Networks,0
1154169,Neural_Networks,0
1154173,Probabilistic_Methods,0
1154176,Genetic_Algorithms,0
1154229,Probabilistic_Methods,0
1154230,Probabilistic_Methods,0
1154232,Probabilistic_Methods,0
1154233,Probabilistic_Methods,0
1154251,Neural_Networks,0
1154276,Neural_Networks,0
1154459,Genetic_Algorithms,0
1154500,Case_Based,0
1154520,Neural_Networks,0
1154524,Rule_Learning,0
1154525,Rule_Learning,0
1155073,Rule_Learning,0
